{
  "overall": {
    "PCK@0.1": 0.6434084699453553,
    "PCK@0.2": 0.9295765027322405,
    "PCK@0.5": 0.9918032786885246,
    "PCKh@0.1": 0.064275956284153,
    "PCKh@0.2": 0.21854508196721312,
    "PCKh@0.5": 0.6613729508196722,
    "MPJPE": 16.149473653365728,
    "PA-MPJPE": 15.00903903932919,
    "MPJAE": 16.014680306438727,
    "num_samples": 122
  }
}