{
  "overall": {
    "PCK@0.1": 0.6910569105691057,
    "PCK@0.2": 0.7940379403794037,
    "PCK@0.5": 0.8464317976513098,
    "PCKh@0.1": 0.510840108401084,
    "PCKh@0.2": 0.5794941282746161,
    "PCKh@0.5": 0.6874435411020776,
    "MPJPE": 20.219666902610676,
    "PA-MPJPE": 1.5409408449851234,
    "MPJAE": 0.8017651361866289,
    "num_samples": 123
  }
}