{
  "overall": {
    "PCK@0.1": 0.0,
    "PCK@0.2": 0.0,
    "PCK@0.5": 0.0,
    "PCKh@0.1": 0.0,
    "PCKh@0.2": 0.0,
    "PCKh@0.5": 0.0,
    "MPJPE": 4304.625957144959,
    "PA-MPJPE": 22.66133686296747,
    "MPJAE": 60.91788092364254,
    "num_samples": 25
  }
}