{
  "overall": {
    "PCK@0.1": 0.00044802867383512545,
    "PCK@0.2": 0.01388888888888889,
    "PCK@0.5": 0.10707885304659498,
    "PCKh@0.1": 0.0,
    "PCKh@0.2": 0.0,
    "PCKh@0.5": 0.00044802867383512545,
    "MPJPE": 198.30036765415684,
    "PA-MPJPE": 15.867196131552005,
    "MPJAE": 14.058644731019319,
    "num_samples": 124
  }
}